Name,Email,Address,Phone Number
Ronald Richardson,mallory48@example.net,"3869 Munoz Mountains Suite 552, New Cynthiaside, NM 12315",647-982-3096x495
Elizabeth Walton,rjohnson@example.org,"49760 Olivia Gardens Suite 179, South Jeremy, UT 14754",(236)464-4060x75348
Elizabeth Goodman,aaronrobertson@example.org,"PSC 9401, Box 2277, APO AP 58770",659.589.5966
David Myers,teresa04@example.com,"56029 Adam Causeway, Port Kelsey, NE 96630",897.842.9141
Melanie Palmer,ymoore@example.org,"9099 Paula Landing, Lake Jeffreystad, WV 60396",501.270.6983
Kelly Chandler,brian83@example.org,"8940 Thomas Ridge Apt. 713, East Shanemouth, KS 70491",568-224-9781x7921
Christopher Taylor,samuelhardy@example.net,"470 Jasmine Vista Suite 152, Garzafort, KY 66163",+1-787-578-7762
Erica Miller,zdavidson@example.net,"5998 Tate Coves, East Cristianview, KS 60497",(488)886-5082x28591
Amanda Lee,debbie59@example.com,"5622 Banks Passage Suite 849, Nicoleside, MN 46061",4599145930
Ashley Jackson,joshua89@example.com,"61082 Edwards Ville, Taylortown, TX 65306",+1-872-655-2144x111
Norman Brown,andersondonna@example.com,"7344 Schwartz Center, East Gregorymouth, MN 17544",(863)652-1960x2508
Elizabeth Blackburn,frank97@example.org,"38836 Shawn Valleys Suite 064, Port Charlesview, WV 37234",001-807-664-4820
Shane Cook,murraynathan@example.org,"749 Natasha Club Apt. 603, North Elizabethtown, KY 10304",448.620.7598
Amy Kennedy,nancy29@example.org,"50456 Collins Trace Suite 000, South Thomas, MA 24897",(734)597-1823x03521
Vickie Hicks,erin46@example.com,"2701 Jay River, Josephfurt, RI 15219",001-728-333-3032
James Johnson,pattonkenneth@example.org,"39386 Tina Mission Suite 577, Taylorview, SC 93949",+1-728-797-6347x946
Steven Nelson,sarah61@example.net,"4548 Kenneth Underpass Apt. 450, East Michaelmouth, IL 99561",001-497-443-6779x80589
Carrie Lewis,milesrebecca@example.net,"2131 Don Overpass, Lake Grant, OH 35869",+1-215-859-9754x0793
Linda Moore,rbarrera@example.net,"18898 Blair Mission, Marthastad, OK 91629",412.795.5621
Ronald Powell,iperez@example.net,"6055 Sean Islands, Randallside, PR 40695",382.803.5720
Travis Kramer,melissacombs@example.com,"2547 Elizabeth Trace, New Heather, VA 82548",001-941-267-1890x84032
Judith Harris,jacob31@example.com,"Unit 3419 Box 8426, DPO AA 36097",793.209.0950
David Martin,kimberly55@example.org,"05323 Sanchez Fork, Ericksonhaven, ND 75550",871.222.2898
Jacob Lucas,daltonrebecca@example.net,"40995 Daniel Alley, Anthonystad, FM 44176",+1-527-348-3433x15388
Patrick Clarke,jesse94@example.com,"066 Brandon Lights Suite 434, New Brian, NE 14654",(277)752-3152
Amber Guerrero,james97@example.org,"271 Samuel Port Suite 301, North Richardberg, NE 05100",001-343-652-4592x464
Marcus Martinez,kbrown@example.com,"1466 Paul Crest, West Ricardoshire, PR 26271",(828)701-5180x56436
Joshua Douglas,zferrell@example.org,"3241 Seth Summit Suite 369, North Lisa, NC 34143",350-812-7926x59531
John Stewart,smithbradley@example.net,"3261 Taylor Fords, Rhondaville, TX 84184",941.914.6676x66311
Jennifer Moore,paula72@example.net,"9176 Emily Lock Suite 430, Serranoburgh, MS 06040",2383645966
Mr. Andrew Moore,matthew91@example.com,"69733 Michael Meadow, East Darrellhaven, ME 05370",(778)983-6567
Reginald Ware,jennifer68@example.net,"9105 Catherine Track Apt. 796, South Robert, MA 87665",3742889771
John Mccormick,ryanpaul@example.com,"787 Maureen Avenue, Brandontown, DE 27050",258.798.7874x8733
Christopher Richards,ndougherty@example.com,"710 Johnston Grove, West Codyshire, PR 37011",691.337.4591
Chase Santiago,wgibson@example.net,"409 Fisher Inlet, New Jennifer, OR 97583",7976804704
Daniel Shaw,amybrown@example.org,"24340 Jessica Underpass Suite 035, Scottmouth, NH 98869",001-279-938-8851
Lacey Johnson,wooddonna@example.net,"4011 Frank Squares Apt. 481, Jamesport, KS 35634",001-496-396-6749x856
Robert Boyer,ywu@example.org,"15124 Lee Ville, Lopezbury, MA 22897",+1-231-486-4522x25292
Allison Rice,vasquezmary@example.org,"86836 Miller Meadow Suite 224, Fitzgeraldton, RI 49740",523-889-7437
Nicholas Jones,huntbrian@example.org,"331 Karen Field Apt. 048, East Mistyburgh, IA 50098",770.571.9061x84334
Mr. Brian Webb,watsonjeffrey@example.org,"951 Brian Center Suite 812, South Joel, CT 03974",8269908612
Robin Harrison,oherrera@example.com,"9789 Angela Turnpike Apt. 779, Hughesview, IN 82515",(718)629-8690
Joanna Gonzalez,donna49@example.com,"751 Lee Mews Apt. 630, Howardport, NM 66799",001-926-564-2639x4479
Morgan Lee,julienguyen@example.com,"656 Amanda Harbors Suite 166, Suemouth, SC 13860",+1-587-899-0909x1202
Karen Wagner,ngarcia@example.net,"921 Willis Extension, Joshuatown, FL 75564",355-869-9573x0847
Kenneth Mcintyre,karen75@example.com,"132 Morales Branch Apt. 895, Sergiochester, AS 05246",001-392-361-8466x1762
Anthony Rogers,rodriguezmelissa@example.net,"424 Barbara Springs Apt. 668, Foxbury, WA 74042",+1-795-888-8859
Jennifer Gonzalez,robertslaura@example.net,"43966 Brent Villages, Christieborough, IN 46965",001-369-872-2594x371
Tonya Arias,lopezrobert@example.org,"246 Betty Crossroad Apt. 075, Ashleyberg, OH 60616",+1-716-264-5641x09949
Eric Carr,benjamin94@example.com,"8950 Darren Cliff Suite 008, Kerristad, CT 68391",(245)880-1781
Jordan Erickson,youngandrew@example.net,"873 Crawford Wells, Joanchester, CT 47247",661-521-3386
Dylan Chen,vkrueger@example.com,"10410 Rose Center Suite 945, Juanmouth, MS 05187",(558)743-0708x42801
Stephen Johnson,bryanttara@example.org,"589 Christopher Plains, Lake Megan, WI 94778",001-921-413-8224x808
Samantha Bradshaw,philliprice@example.net,"87169 Clark Vista, Oneillburgh, NJ 25017",326.690.8927
Jon Spencer,bobbylucas@example.com,"13533 Sonya Centers Apt. 993, Mindyside, NH 80163",907.882.6233x89153
Joseph Garcia,nobrien@example.org,"23145 Dawn Field Suite 969, Loribury, IA 25280",(687)623-0809
Anthony Jones,stevensutton@example.org,"41936 Katrina Track, Josephburgh, NJ 65815",580.327.5514x2436
Andrea Burton,christian50@example.net,"14773 Wendy Tunnel Apt. 855, Harmontown, FM 94261",514.362.0841
John Caldwell,andrewwoods@example.com,"277 Allen Extensions, Port Kevin, NJ 50192",2512169676
Robert Villarreal,martinlindsey@example.com,"PSC 3256, Box 0930, APO AA 19722",001-269-528-4643x323
Carol Kelley,jordanhenderson@example.com,"Unit 2022 Box 5355, DPO AP 55013",001-605-470-7672
Bianca Pacheco,richardford@example.com,"72197 Fox Forks, Elizabethmouth, GU 66981",3472392072
Tyler Baker,johnny74@example.org,"7017 Mueller Lights, Benjaminside, MN 31863",001-672-655-5157x4673
Linda Buckley,darinmartinez@example.org,"778 Lee Dam Apt. 814, Perezland, ME 10874",341-705-6688x8487
Kevin Conley,vanessamora@example.org,"2090 Micheal Stream Apt. 955, West William, OH 95725",001-884-266-3844x9915
Daniel Walsh,derek00@example.com,"3700 Gibson Trail, West Michelle, PA 68497",001-314-720-3624x71499
Brittney Snyder,iparks@example.org,"0228 Veronica Lodge, West Amber, TX 47810",242.923.2050
Alexis Torres,krausejean@example.com,"48141 Andrew Springs, Hutchinsonshire, MT 03105",9165470852
Kenneth Contreras,garrettmario@example.com,"9552 Daniel Mews, Stacyport, OK 23769",001-573-216-1266x787
Alexander Nolan,wsmith@example.com,"636 Stephenson Fort, Port Nicholasfurt, UT 75349",(531)480-0445x462
Marvin Johnson,jamesharris@example.net,"35180 Ferguson Park Apt. 093, Port Patrick, MN 53564",350.805.5638x1325
Casey Guzman,ewest@example.com,"USNS Rodriguez, FPO AA 06970",+1-421-314-8718x17920
Mark Farrell,christineayala@example.net,"540 Caitlyn Tunnel Suite 498, Danielville, TN 38147",304.600.0976x6156
Brad Reyes Jr.,russellgonzalez@example.org,"38051 Taylor Knolls, Hatfieldborough, PA 66906",4888018932
Mark Hayden,millergregory@example.net,"244 Jamie Views, Joshuafurt, SC 93689",434-720-6826x83760
Stephanie Brooks,jonesjoe@example.com,"977 Denise Land, Keithmouth, MP 14247",(796)618-3248
Jane Moore,ramosamy@example.com,"88978 Lozano Walk Suite 362, Richardview, TX 75471",207.523.6847x629
Christopher Ramsey,elijahtorres@example.net,"42763 John Rapids, Lake George, NM 04454",+1-281-209-2221x78036
Richard Cuevas,heather03@example.net,"5337 Powell Forge Suite 556, Port Paigechester, AR 86454",598.392.4663
Brian Taylor,nallen@example.org,"1016 Cox Mount Suite 516, Sullivanborough, UT 44754",848.758.0081x0460
Brianna Rodriguez,chelsealawrence@example.com,"824 Johnson Valleys Apt. 534, Pearsonland, IA 55120",+1-868-956-0921
Jessica Dorsey,beth11@example.net,"20692 Michelle Skyway Suite 589, Charlesborough, GA 48762",502.417.2789x426
Stephen Carter,gmatthews@example.com,"68530 Mcgee Knolls Apt. 742, Juliafort, PW 98311",001-734-992-0022x212
David Hudson,hillian@example.org,"4711 Miranda Ramp Apt. 210, South Andrew, PA 94490",001-892-732-2547x006
Alex Moore,robert65@example.org,"12352 Ramirez Crescent, Shannonshire, AL 53261",+1-423-820-2309
Susan Keller,zimmermantina@example.net,"7058 Riley Stravenue Apt. 070, Ochoafurt, FM 19930",594.978.8458x298
Jennifer Clements,igolden@example.net,"319 Dorsey Lane Apt. 083, Port Thomasberg, CO 87372",933.359.6861x9425
Nathaniel Henderson,allenjoshua@example.org,"0138 Karen Ranch, South Emily, AZ 07027",374-869-2565
Jennifer Williams,gabrielavincent@example.com,"601 Morrison Knolls Suite 985, North Brandonville, CA 74991",993.649.8199
Brittany Hansen,zbaker@example.net,"74414 Brianna Ville Apt. 431, East Richard, MA 45958",460.444.5895x032
Troy Hill,nancyholloway@example.org,"648 Sara Cliff, Harriston, CA 18297",(845)389-0308x612
Aaron Aguilar,ngriffin@example.net,"9204 Tina Point, Lake David, PA 46368",828.650.3925
Christopher Thompson,nicole11@example.net,"84665 Townsend Course Apt. 675, Millerview, NE 06082",646.739.6158
Ryan Torres,rsmith@example.org,"947 Daniel Shoal Apt. 520, North Shannonbury, WI 17199",+1-482-774-5060x44710
Dennis Peterson,meyerkatie@example.net,"6604 William Drive Apt. 938, Eduardoport, GU 28041",(545)781-2506x45765
Andrew Reed,bglass@example.org,"8279 Vance Tunnel Suite 584, West John, AS 50808",+1-308-322-0802x1790
Kathy Chung,ojones@example.net,"USNV Bowers, FPO AE 59552",449-769-9511x636
Jordan Williams,rebekahmartin@example.org,"80102 Sherry Hills Suite 991, North John, CA 67975",614-544-2562x8836
Melissa Briggs,alejandrosutton@example.com,"7840 Gamble Prairie Suite 425, Soniafort, VT 87117",001-987-541-4492x6607
Danielle Snyder DVM,deannagay@example.org,"4260 English Mission Apt. 382, North Angel, MH 31169",+1-456-479-8852x92748
